"Metric","Score","Dataset"
"r",0.964510216401888,"LOESS_2020_SVREC_6_fly"
"R2",0.930279957543616,"LOESS_2020_SVREC_6_fly"
"MAE",7.22950819672131,"LOESS_2020_SVREC_6_fly"
"MSE",63.8360655737705,"LOESS_2020_SVREC_6_fly"
"r",0.960350480047881,"SEG_2020_SVREC_6_fly"
"R2",0.922273044528195,"SEG_2020_SVREC_6_fly"
"MAE",6.28688524590164,"SEG_2020_SVREC_6_fly"
"MSE",49.5655737704918,"SEG_2020_SVREC_6_fly"
